﻿WindowsProductName;WindowsVersion;BiosManufacturer;CsDNSHostName;CsDomain;OsTotalVisibleMemorySize;OsArchitecture;Hotfix(s)
Windows 10 Home;2009;Dell Inc.;DESKTOP-SQSHR1A;WORKGROUP;16671872;64bitový;KB5012117
Windows 11 Home;2020;Dell Inc.;DESKTOP-SQSHR1A;WORKGROUP;16671872;64bitový;KB5012117
Windows 12 Home;2009;Dell Inc.;DESKTOP-SQSHR1A;WORKGROUP;16671872;64bitový;KB5012117
Windows 10 Home;2021;Dell Inc.;DESKTOP-SQSHR1A;WORKGROUP;16671872;64bitový;KB5012117
Windows 10 Home;2009;Dell Inc.;DESKTOP-SQSHR1A;WORKGROUP;16671872;64bitový;KB5012117
Windows 10 Education;2009;Dell Inc.;DominiksDell17z;WORKGROUP;24900824;64-bit;KB5012117
